person,personLabel
http://www.wikidata.org/entity/Q3519997,अरुण लाल
http://www.wikidata.org/entity/Q3520013,अजीत आगरकर
http://www.wikidata.org/entity/Q3520036,दत्ता गायकवाड़
http://www.wikidata.org/entity/Q3520045,रोहित शर्मा
http://www.wikidata.org/entity/Q3520064,वीनू हिम्मतलाल मन्कद
http://www.wikidata.org/entity/Q3520276,शान्ताकुमारन श्रीसंत
http://www.wikidata.org/entity/Q3520336,टीनू योहनन
http://www.wikidata.org/entity/Q3520372,नाना जोशी
http://www.wikidata.org/entity/Q3520376,हेमंत कानीटकर
http://www.wikidata.org/entity/Q3520385,गुलाबराय रामचंद
http://www.wikidata.org/entity/Q3520390,बृजेश पटेल
http://www.wikidata.org/entity/Q3520403,अंबाती रायडू
http://www.wikidata.org/entity/Q9475,हरभजन सिंह
http://www.wikidata.org/entity/Q9488,सचिन तेंदुलकर
http://www.wikidata.org/entity/Q10233,वी वी एस लक्ष्मण
http://www.wikidata.org/entity/Q45747,विश्वनाथन् आनंद
http://www.wikidata.org/entity/Q3520510,अशोक मांकड़
http://www.wikidata.org/entity/Q3520524,मनप्रीत गोनी
http://www.wikidata.org/entity/Q3520560,अबे कुरुविला
http://www.wikidata.org/entity/Q3520597,मुरली कार्तिक
http://www.wikidata.org/entity/Q1916767,मीना शाह
http://www.wikidata.org/entity/Q3520605,जोगिंदर शर्मा
http://www.wikidata.org/entity/Q3520628,वेणुगोपाल राव
http://www.wikidata.org/entity/Q3520722,अमित मिश्रा
http://www.wikidata.org/entity/Q3520728,वासिम जाफर
http://www.wikidata.org/entity/Q1813284,कुंवर दिग्विजय सिंह
http://www.wikidata.org/entity/Q2745297,रॉबिन उथप्पा
http://www.wikidata.org/entity/Q2754583,सौरव घोषाल
http://www.wikidata.org/entity/Q2756943,चेतन चौहान
http://www.wikidata.org/entity/Q2756945,चेतन शर्मा
http://www.wikidata.org/entity/Q1869101,अनिर्बन लाहिड़ी
http://www.wikidata.org/entity/Q1898291,पंकज आडवाणी
http://www.wikidata.org/entity/Q1824834,योगेश्वर दत्त
http://www.wikidata.org/entity/Q1827521,बोम्बायला देवी लैशराम
http://www.wikidata.org/entity/Q2757591,जवागल श्रीनाथ
http://www.wikidata.org/entity/Q2760800,दिलीप वेंगसरकर
http://www.wikidata.org/entity/Q2766741,भरत रेड्डी
http://www.wikidata.org/entity/Q2766870,बी॰ एस॰ चंद्रशेखर
http://www.wikidata.org/entity/Q2723712,कर्षण घावरी
http://www.wikidata.org/entity/Q2723790,युवराज सिंह
http://www.wikidata.org/entity/Q2723815,पार्थिव पटेल
http://www.wikidata.org/entity/Q2723880,विनोद काम्बली
http://www.wikidata.org/entity/Q931648,केशव दत्त
http://www.wikidata.org/entity/Q172905,करुण चंडोक
http://www.wikidata.org/entity/Q176002,द्रोणवल्ली हारिका
http://www.wikidata.org/entity/Q182917,बालू गुप्ते
http://www.wikidata.org/entity/Q3520421,विजियांग्राम के महाराजकुमार
http://www.wikidata.org/entity/Q3520439,गगन खोदा
http://www.wikidata.org/entity/Q3520463,विक्रम राठौड़
http://www.wikidata.org/entity/Q3520476,मिथाली राज
http://www.wikidata.org/entity/Q3520482,लालचंद राजपूत
http://www.wikidata.org/entity/Q2724220,सुनील वालसन
http://www.wikidata.org/entity/Q2725984,सैयद किरमानी
http://www.wikidata.org/entity/Q2728260,कीर्ति आज़ाद
http://www.wikidata.org/entity/Q2731944,गुंडप्पा विश्वनाथ
http://www.wikidata.org/entity/Q132147,सानिया मिर्ज़ा
http://www.wikidata.org/entity/Q2849991,अनिल कुंबले
http://www.wikidata.org/entity/Q982820,रमेश कृष्णन
http://www.wikidata.org/entity/Q3520815,योगराज सिंह
http://www.wikidata.org/entity/Q3520848,चंदू बोर्डे
http://www.wikidata.org/entity/Q3520910,रॉबिन सिंह
http://www.wikidata.org/entity/Q3520942,ई.ए.एस.प्रसन्ना
http://www.wikidata.org/entity/Q3521062,माधव आप्टे
http://www.wikidata.org/entity/Q3521074,डोडा गणेश
http://www.wikidata.org/entity/Q3521084,राजू कुलकर्णी
http://www.wikidata.org/entity/Q3521097,अजित वाडेकर
http://www.wikidata.org/entity/Q2767834,मदन लाल
http://www.wikidata.org/entity/Q2767892,मनिंदर सिंह
http://www.wikidata.org/entity/Q2767899,मनोज प्रभाकर
http://www.wikidata.org/entity/Q2775822,सुब्रतो बनर्जी
http://www.wikidata.org/entity/Q137577,वरुण आरोन
http://www.wikidata.org/entity/Q137669,अजिंक्य रहाणे
http://www.wikidata.org/entity/Q142613,चेतेश्वर पुजारा
http://www.wikidata.org/entity/Q152223,पीटर पॉल फर्नाडेस
http://www.wikidata.org/entity/Q3521491,लक्ष्मीपति बालाजी
http://www.wikidata.org/entity/Q3521503,फारुख इंजीनियर
http://www.wikidata.org/entity/Q3522031,तेजस्विनी सावंत
http://www.wikidata.org/entity/Q3522062,इशांत शर्मा
http://www.wikidata.org/entity/Q3522100,यूसुफ खान पठान
http://www.wikidata.org/entity/Q3520972,विजय भारद्वाज
http://www.wikidata.org/entity/Q3520984,वेंकटेश प्रसाद
http://www.wikidata.org/entity/Q3521023,शान्ता रंगास्वामी
http://www.wikidata.org/entity/Q3521044,अरशाद आयुब
http://www.wikidata.org/entity/Q3521057,अजय शर्मा
http://www.wikidata.org/entity/Q983454,मंसूर अली ख़ान पटौदी
http://www.wikidata.org/entity/Q983595,शरत कमल
http://www.wikidata.org/entity/Q3525800,प्रियंका रॉय
http://www.wikidata.org/entity/Q3525836,रीमा मल्होत्रा
http://www.wikidata.org/entity/Q3525902,अमिता शर्मा
http://www.wikidata.org/entity/Q3525912,पूनम राउत
http://www.wikidata.org/entity/Q982805,राज्यवर्धन राठौड़
http://www.wikidata.org/entity/Q270100,नवजोत सिंह सिद्धू
http://www.wikidata.org/entity/Q275263,सुब्बारामन विजयलक्ष्मी
http://www.wikidata.org/entity/Q283206,शिव कपूर
http://www.wikidata.org/entity/Q213854,विराट कोहली
http://www.wikidata.org/entity/Q2043562,पी. सी. तुलसी
http://www.wikidata.org/entity/Q2907923,बॉबी एलॉयसियस
http://www.wikidata.org/entity/Q2998506,कोताह रामास्वामी
http://www.wikidata.org/entity/Q3006943,अशोक डिंडा
http://www.wikidata.org/entity/Q3345085,रमन लांबा
http://www.wikidata.org/entity/Q3345095,मोहम्मद अजहरुद्दीन
http://www.wikidata.org/entity/Q3345479,वीरेंद्र सहवाग
http://www.wikidata.org/entity/Q3349954,रोहन गावस्कर
http://www.wikidata.org/entity/Q3120961,गुरमीत सिंह
http://www.wikidata.org/entity/Q3129379,कृष्णा पूनिया
http://www.wikidata.org/entity/Q296282,लिएंडर पेस
http://www.wikidata.org/entity/Q312554,महेश भूपति
http://www.wikidata.org/entity/Q3154343,इरफ़ान कोलोठूम थोडी
http://www.wikidata.org/entity/Q3168595,रुसी सुर्ती
http://www.wikidata.org/entity/Q3176237,शिखा ओबेरॉय
http://www.wikidata.org/entity/Q3177430,Khashaba Dadasaheb Jadhav
http://www.wikidata.org/entity/Q320570,अभिजीत गुप्ता
http://www.wikidata.org/entity/Q320610,अभिनव बिंद्रा
http://www.wikidata.org/entity/Q3521417,नरी कांट्रेक्टर
http://www.wikidata.org/entity/Q3521445,मुरली विजय
http://www.wikidata.org/entity/Q3521452,हेमू अधिकारी
http://www.wikidata.org/entity/Q3521468,उमेश यादव
http://www.wikidata.org/entity/Q3007571,रविचंद्रन अश्विन
http://www.wikidata.org/entity/Q3027985,दिलीप सरदेसाई
http://www.wikidata.org/entity/Q3049628,एकनाथ सोलकर
http://www.wikidata.org/entity/Q3056388,टीण्टू ळॉऑक्का
http://www.wikidata.org/entity/Q255044,हम्पी कोनेरु
http://www.wikidata.org/entity/Q264639,गगन नारंग
http://www.wikidata.org/entity/Q269014,मिलखा सिंह
http://www.wikidata.org/entity/Q3305073,सुरजीत सिंह
http://www.wikidata.org/entity/Q3521101,हेमंग बडाणी
http://www.wikidata.org/entity/Q3521115,डायना एडुल्जी
http://www.wikidata.org/entity/Q3521143,सुरिन्दर खन्ना
http://www.wikidata.org/entity/Q3521148,बापू नाडकर्णी
http://www.wikidata.org/entity/Q3358908,नरसिंह पंचम यादव
http://www.wikidata.org/entity/Q320613,Abhinn Shyam Gupta
http://www.wikidata.org/entity/Q3284484,Urdu
http://www.wikidata.org/entity/Q3303121,टी॰ ई॰ श्रीनिवासन
http://www.wikidata.org/entity/Q2003153,भुवनेश्वर कुमार
http://www.wikidata.org/entity/Q3527698,खांडु रंगनेकर
http://www.wikidata.org/entity/Q3527706,बलविंदर संधु
http://www.wikidata.org/entity/Q3527716,दीपक शोधान
http://www.wikidata.org/entity/Q3527738,एम॰ एल॰ जयसिम्हा
http://www.wikidata.org/entity/Q3527749,ऋषिकेश कानीटकर
http://www.wikidata.org/entity/Q1158288,दमयंती तांबे
http://www.wikidata.org/entity/Q3522120,आशीष नेहरा
http://www.wikidata.org/entity/Q3522136,मुनाफ पटेल
http://www.wikidata.org/entity/Q3525761,सुलक्षणा नाईक
http://www.wikidata.org/entity/Q3525780,अनघा देशपांडे
http://www.wikidata.org/entity/Q3397834,पूजा धंदा
http://www.wikidata.org/entity/Q3525920,हरमनप्रीत कौर
http://www.wikidata.org/entity/Q3525926,श्रावंथी नायडू
http://www.wikidata.org/entity/Q3526347,इफ्तिखार अली खान पटौदी
http://www.wikidata.org/entity/Q3526609,शिव सुंदर दास
http://www.wikidata.org/entity/Q3526637,देबाशिश मोहंती
http://www.wikidata.org/entity/Q3526655,संजय रौल
http://www.wikidata.org/entity/Q3526661,प्रज्ञान ओझा
http://www.wikidata.org/entity/Q3526701,अंजुम चोपड़ा
http://www.wikidata.org/entity/Q3521152,प्रकाश भंडारी
http://www.wikidata.org/entity/Q3521162,दीप दासगुप्ता
http://www.wikidata.org/entity/Q3521187,नरेंद्र हिरवानी
http://www.wikidata.org/entity/Q3521385,गुलाम अहमद
http://www.wikidata.org/entity/Q3521395,पियुश चावला
http://www.wikidata.org/entity/Q1061705,चंदगी राम
http://www.wikidata.org/entity/Q1088902,राहुल शर्मा
http://www.wikidata.org/entity/Q1089088,गीता फोगाट
http://www.wikidata.org/entity/Q3526852,झूलन गोस्वामी
http://www.wikidata.org/entity/Q3526928,स्नेहल प्रधान
http://www.wikidata.org/entity/Q3527012,तिरुष कामिनी
http://www.wikidata.org/entity/Q3527023,रुमेली धर
http://www.wikidata.org/entity/Q3439710,किशन लाल
http://www.wikidata.org/entity/Q3439714,जसवंत सिंह राजपूत
http://www.wikidata.org/entity/Q320626,अभिषेक नायर
http://www.wikidata.org/entity/Q328951,मैरी कॉम
http://www.wikidata.org/entity/Q337656,सोमदेव देववर्मन
http://www.wikidata.org/entity/Q3489728,सोमा बिस्वास
http://www.wikidata.org/entity/Q369702,चेतन आनंद
http://www.wikidata.org/entity/Q3350065,निरोब चौधरी
http://www.wikidata.org/entity/Q3351390,चुनी गोस्वामी
http://www.wikidata.org/entity/Q3351827,गीत सेठी
http://www.wikidata.org/entity/Q1227162,दीपिका पल्लीकल
http://www.wikidata.org/entity/Q370912,विवेक राज़दान
http://www.wikidata.org/entity/Q378384,सुशील कुमार
http://www.wikidata.org/entity/Q3527770,सदागोप्पन रमेश
http://www.wikidata.org/entity/Q3527789,अंबर रॉय
http://www.wikidata.org/entity/Q3527807,सुब्रता गुहा
http://www.wikidata.org/entity/Q3527819,कंवर राय सिंह
http://www.wikidata.org/entity/Q3527836,विजय मांजरेकर
http://www.wikidata.org/entity/Q3506857,सैय्यद अब्दुल रहीम
http://www.wikidata.org/entity/Q3518502,रवि शास्त्री
http://www.wikidata.org/entity/Q3519483,धनराज पिल्ले
http://www.wikidata.org/entity/Q3527867,हरविंदर सिंह
http://www.wikidata.org/entity/Q3527874,खेरशेद मेहरोमजी
http://www.wikidata.org/entity/Q3527886,गोपाल बोस
http://www.wikidata.org/entity/Q3527935,गुलाम परकार
http://www.wikidata.org/entity/Q3527951,जसु पटेल
http://www.wikidata.org/entity/Q3527956,ए॰ जी॰ कृपाल सिंह
http://www.wikidata.org/entity/Q3527976,अमित भण्डारी
http://www.wikidata.org/entity/Q3527985,सुरू नायक
http://www.wikidata.org/entity/Q2029850,जय भगवान
http://www.wikidata.org/entity/Q2030134,शिवा थापा
http://www.wikidata.org/entity/Q3519505,सुरेश रैना
http://www.wikidata.org/entity/Q3519679,दिनेश कार्तिक
http://www.wikidata.org/entity/Q3519764,बिशन सिंह बेदी
http://www.wikidata.org/entity/Q381138,ध्यानचंद सिंह कुशवाहा
http://www.wikidata.org/entity/Q3527128,गौहर सुल्ताना
http://www.wikidata.org/entity/Q3527347,रॉबिन सिंह (क्रिकेटर)
http://www.wikidata.org/entity/Q3527416,नरेन तह्मने
http://www.wikidata.org/entity/Q3527461,पार्थसारथी शर्मा
http://www.wikidata.org/entity/Q3527515,सी॰ आर॰ रंगाचारी
http://www.wikidata.org/entity/Q3527522,थिरुनवुक्करसू कुमारन
http://www.wikidata.org/entity/Q3527549,यशपाल शर्मा
http://www.wikidata.org/entity/Q3527596,अपूर्व सेनगुप्ता
http://www.wikidata.org/entity/Q3527608,स्टुअर्ट बिन्नी
http://www.wikidata.org/entity/Q3527610,गोपाल शर्मा
http://www.wikidata.org/entity/Q3527663,सुजीत सोमासुंदर
http://www.wikidata.org/entity/Q3528356,दत्तू फाड़कर
http://www.wikidata.org/entity/Q3528364,अजित पाई
http://www.wikidata.org/entity/Q3528372,सोराबजी कोलाह
http://www.wikidata.org/entity/Q3528391,रिद्धिमान साहा
http://www.wikidata.org/entity/Q3528405,सय्यद अबिद अली
http://www.wikidata.org/entity/Q3527897,वी॰ बी॰ चन्द्रशेखर
http://www.wikidata.org/entity/Q3527900,इक़बाल सिद्दीकी
http://www.wikidata.org/entity/Q3527908,ख़ान मोहम्मद इब्राहिम
http://www.wikidata.org/entity/Q3527912,इब्राहिम माका
http://www.wikidata.org/entity/Q3527922,आशीष कपूर
http://www.wikidata.org/entity/Q3528015,जय यादव
http://www.wikidata.org/entity/Q3528024,एम॰जे॰ गोपालन
http://www.wikidata.org/entity/Q3528040,एल॰ पी॰ जय
http://www.wikidata.org/entity/Q3528054,शदाशिव शिंदे
http://www.wikidata.org/entity/Q3528069,अशोक मल्होत्रा
http://www.wikidata.org/entity/Q3528244,आकाश चोपड़ा
http://www.wikidata.org/entity/Q3528283,अमय खुरासिया
http://www.wikidata.org/entity/Q3528288,एम॰ एस॰ के॰ प्रसाद
http://www.wikidata.org/entity/Q3528318,सी॰ डी॰ गोपीनाथ
http://www.wikidata.org/entity/Q3528348,भूपिंदर सिंह
http://www.wikidata.org/entity/Q2091561,सैयद अली
http://www.wikidata.org/entity/Q2096549,पुल्लेला गोपीचंद
http://www.wikidata.org/entity/Q1369271,साई प्रणीत भामिदिपति
http://www.wikidata.org/entity/Q3528924,गुलाम गार्ड
http://www.wikidata.org/entity/Q3528958,रमेश सक्सेना
http://www.wikidata.org/entity/Q3528976,उमेश कुलकर्णी
http://www.wikidata.org/entity/Q3529027,वूरकेरी रमन
http://www.wikidata.org/entity/Q3529044,गुरशरन सिंह
http://www.wikidata.org/entity/Q3519811,लाला अमरनाथ
http://www.wikidata.org/entity/Q3519856,सी॰ के॰ नायडू
http://www.wikidata.org/entity/Q3519988,प्रवीण कुमार
http://www.wikidata.org/entity/Q3528412,चंदू सरवटे
http://www.wikidata.org/entity/Q3528415,राजिंदर घई
http://www.wikidata.org/entity/Q3528418,नाउमल जिउमल
http://www.wikidata.org/entity/Q3528430,नारायण स्वामी
http://www.wikidata.org/entity/Q3528442,सुधाकर राव
http://www.wikidata.org/entity/Q3528506,सुनील जोशी
http://www.wikidata.org/entity/Q3528535,लढा रामजी
http://www.wikidata.org/entity/Q3528551,अजय रात्र
http://www.wikidata.org/entity/Q3528561,देवांग गाँधी
http://www.wikidata.org/entity/Q3528570,अशोक गंडोतरा
http://www.wikidata.org/entity/Q3502936,सुधा सिंह
http://www.wikidata.org/entity/Q448040,जवल गुत्त
http://www.wikidata.org/entity/Q2104148,डोला बेनर्जी
http://www.wikidata.org/entity/Q3528577,वी॰ आर॰ वी॰ सिंह
http://www.wikidata.org/entity/Q3528589,विजय दहिया
http://www.wikidata.org/entity/Q3528654,नोएल डेविड
http://www.wikidata.org/entity/Q3528743,राहुल संघवी
http://www.wikidata.org/entity/Q3528769,पारस म्हाम्ब्रे
http://www.wikidata.org/entity/Q448360,पुसर्ला वेंकटा सिंधु
http://www.wikidata.org/entity/Q3530692,सुबरमणियम बद्रीनाथ
http://www.wikidata.org/entity/Q3531252,अब्बास अली बेग
http://www.wikidata.org/entity/Q3531843,रोजर बिन्नी
http://www.wikidata.org/entity/Q3531855,सुधीर नाइक
http://www.wikidata.org/entity/Q3528811,जैकब मार्टिन
http://www.wikidata.org/entity/Q3528824,पंकज धरमानी
http://www.wikidata.org/entity/Q3528835,सौरभ तिवारी
http://www.wikidata.org/entity/Q3528858,सरणदीप सिंह
http://www.wikidata.org/entity/Q3528888,श्रीधरन श्रीराम
http://www.wikidata.org/entity/Q3528904,अभिजीत काले
http://www.wikidata.org/entity/Q27907438,संजना संतोष
http://www.wikidata.org/entity/Q27907437,रसिका राजे
http://www.wikidata.org/entity/Q3529391,केकी तारापोर
http://www.wikidata.org/entity/Q3529415,मन सूद
http://www.wikidata.org/entity/Q3529429,प्रोबीर सेन
http://www.wikidata.org/entity/Q3529463,इंद्रजीत सिंहजी
http://www.wikidata.org/entity/Q3529473,साइराज बहुतुले
http://www.wikidata.org/entity/Q3529514,जतिन परांजपे
http://www.wikidata.org/entity/Q2117892,मोहम्मद कैफ़
http://www.wikidata.org/entity/Q2123867,गुरूसाई दत्त
http://www.wikidata.org/entity/Q27830979,अभिजीत देशमुख
http://www.wikidata.org/entity/Q3528118,सुभाष गुप्ते
http://www.wikidata.org/entity/Q3528133,मनोहर हार्दिकर
http://www.wikidata.org/entity/Q3528139,बल दानी
http://www.wikidata.org/entity/Q3528159,जनार्दन नवले
http://www.wikidata.org/entity/Q3528174,सुंदरनाथ
http://www.wikidata.org/entity/Q2249476,দিব্যেন্দু বড়ুয়া
http://www.wikidata.org/entity/Q1391342,प्रकाश पादुकोण
http://www.wikidata.org/entity/Q1391241,युकी भांबरी
http://www.wikidata.org/entity/Q3529061,दत्ताराम हिंडलेकर
http://www.wikidata.org/entity/Q3529122,सी॰ एस॰ नायडू
http://www.wikidata.org/entity/Q3529348,राजेश चौहान
http://www.wikidata.org/entity/Q3529352,रुसी मोदी
http://www.wikidata.org/entity/Q448347,मधुमिता बिष्ट
http://www.wikidata.org/entity/Q453607,तानिया सचदेवा
http://www.wikidata.org/entity/Q2157182,श्रीनिवासाराघवान वेंकटराघवन
http://www.wikidata.org/entity/Q27907535,राहुल यादव चित्तबोइना
http://www.wikidata.org/entity/Q27907566,सतविकसाईराज रणकीरेड्डी
http://www.wikidata.org/entity/Q1393283,मनोज कुमार
http://www.wikidata.org/entity/Q3532534,बालाजी राव
http://www.wikidata.org/entity/Q3534595,निरुपमा संजीव
http://www.wikidata.org/entity/Q3534600,बजरंग लाल तहर
http://www.wikidata.org/entity/Q3535057,सलीम दुरानी
http://www.wikidata.org/entity/Q3535561,पॉली उम्रीगर
http://www.wikidata.org/entity/Q465054,अंजू बॉबी जॉर्ज
http://www.wikidata.org/entity/Q467327,कर्णम मल्लेश्वरी
http://www.wikidata.org/entity/Q3595532,अश्विनी नाचप्पा
http://www.wikidata.org/entity/Q3595533,शिनी अब्राहम
http://www.wikidata.org/entity/Q3631406,डिंग्को सिंह
http://www.wikidata.org/entity/Q3714213,गिरीश नागराजेगौड़ा
http://www.wikidata.org/entity/Q3763791,भरत अरुण
http://www.wikidata.org/entity/Q3763965,नीलेश कुलकर्णी
http://www.wikidata.org/entity/Q3529521,आविष्कार सलवी
http://www.wikidata.org/entity/Q3529587,बक दीवेछा
http://www.wikidata.org/entity/Q3530007,रमेश पोवार
http://www.wikidata.org/entity/Q3530017,दिनेश मोंगिया
http://www.wikidata.org/entity/Q3530170,प्रीजा श्रीधरन
http://www.wikidata.org/entity/Q448385,अमी घिया
http://www.wikidata.org/entity/Q2332773,शिव चौरसिया
http://www.wikidata.org/entity/Q2341312,अखिल कुमार
http://www.wikidata.org/entity/Q3531863,प्रमिला भट्ट
http://www.wikidata.org/entity/Q3531869,दिलीप दोषी
http://www.wikidata.org/entity/Q3531880,राकेश शुक्ला
http://www.wikidata.org/entity/Q3531926,वेंकटपति राजू
http://www.wikidata.org/entity/Q3531966,प्रवीण आमरे
http://www.wikidata.org/entity/Q465036,अपर्णा पोपट
http://www.wikidata.org/entity/Q1397997,फतेहसिंह राव गायकवाड़
http://www.wikidata.org/entity/Q464311,साइना नेहवाल
http://www.wikidata.org/entity/Q3764003,सदाशिव पाटील
http://www.wikidata.org/entity/Q3764505,संजय बांगर
http://www.wikidata.org/entity/Q2366204,सुंदर देवधर
http://www.wikidata.org/entity/Q468366,limba ram
http://www.wikidata.org/entity/Q470772,राहुल द्रविड़
http://www.wikidata.org/entity/Q470774,महेंद्र सिंह धोनी
http://www.wikidata.org/entity/Q1421742,ज्योतषना पी
http://www.wikidata.org/entity/Q3536900,बुधी कुंदेरन
http://www.wikidata.org/entity/Q3536937,विनय कुमार
http://www.wikidata.org/entity/Q3567859,मधुसूदन रेगे
http://www.wikidata.org/entity/Q3595504,रुद्र प्रताप सिंह
http://www.wikidata.org/entity/Q3595506,मनोज तिवारी
http://www.wikidata.org/entity/Q467931,अश्विनी पोनप्पा
http://www.wikidata.org/entity/Q468309,विजय अमृतराज
http://www.wikidata.org/entity/Q1494953,शंकर लक्ष्मण
http://www.wikidata.org/entity/Q2350423,अशोक अमृतराज
http://www.wikidata.org/entity/Q2285553,एन. सिक्की रेड्डी
http://www.wikidata.org/entity/Q470893,विजेन्द्र सिंह
http://www.wikidata.org/entity/Q2370461,गरिमा चौधरी
http://www.wikidata.org/entity/Q1422443,सरोजिनी गोगटे
http://www.wikidata.org/entity/Q27058460,अनवार सुल्तान
http://www.wikidata.org/entity/Q2373828,सैयद मोहम्मद आरिफ
http://www.wikidata.org/entity/Q539689,सुमन देवधर
http://www.wikidata.org/entity/Q540286,मंजूषा कंवर
http://www.wikidata.org/entity/Q2441322,विकास गौड़ा
http://www.wikidata.org/entity/Q1562625,प्रणय कुमार
http://www.wikidata.org/entity/Q1572511,सयाली गोखले
http://www.wikidata.org/entity/Q1473394,प्रणव चोपड़ा
http://www.wikidata.org/entity/Q2393817,तारा देवधर
http://www.wikidata.org/entity/Q511986,रोहन बोपन्ना
http://www.wikidata.org/entity/Q540310,श्रुति कुरियन-कानेटकर
http://www.wikidata.org/entity/Q2489730,जेजे लालपेखलुआ
http://www.wikidata.org/entity/Q1559952,रामनाथन कृष्णन्
http://www.wikidata.org/entity/Q558189,कपिलदेव
http://www.wikidata.org/entity/Q561004,सुनील छेत्री
http://www.wikidata.org/entity/Q540471,कुंजरानी देवी
http://www.wikidata.org/entity/Q553898,विकास कृष्ण यादव
http://www.wikidata.org/entity/Q555232,पेंटाला हरिकृष्णा
http://www.wikidata.org/entity/Q556714,लेस्ली क्लॉडियस
http://www.wikidata.org/entity/Q558182,सुनील गावस्कर
http://www.wikidata.org/entity/Q27058498,सनत मिश्र
http://www.wikidata.org/entity/Q611021,hiwikw
http://www.wikidata.org/entity/Q2508461,ज़हीर ख़ान
http://www.wikidata.org/entity/Q2524130,विजय मेहरा
http://www.wikidata.org/entity/Q620287,यादविंदर सिंह
http://www.wikidata.org/entity/Q1580188,पी॰ कश्यप
http://www.wikidata.org/entity/Q654460,विजय कुमार
http://www.wikidata.org/entity/Q716000,नॉर्मन प्रिचर्ड
http://www.wikidata.org/entity/Q2721515,गौतम गंभीर
http://www.wikidata.org/entity/Q2721717,संजय मांजरेकर
http://www.wikidata.org/entity/Q2721727,अंशुमान गायकवाड़
http://www.wikidata.org/entity/Q2657648,बबीता फोगाट
http://www.wikidata.org/entity/Q2721457,रवींद्र सिंह जडेजा
http://www.wikidata.org/entity/Q2721475,कृष्णम्माचारी श्रीकांत
http://www.wikidata.org/entity/Q561487,सौरव गांगुली
http://www.wikidata.org/entity/Q2722238,सदानन्द विश्वनाथ
http://www.wikidata.org/entity/Q2722245,संजीव शर्मा
http://www.wikidata.org/entity/Q2722268,नयन मोंगिया
http://www.wikidata.org/entity/Q2722321,सबा करीम
http://www.wikidata.org/entity/Q2722943,मुस्ताक अली
http://www.wikidata.org/entity/Q2721774,संदीप मधुसूदन पाटिल
http://www.wikidata.org/entity/Q2722025,अजय जड़ेजा
http://www.wikidata.org/entity/Q2722085,किरण बेदी
http://www.wikidata.org/entity/Q632417,अर्चना देवधर
http://www.wikidata.org/entity/Q1718746,विजय हजारे
http://www.wikidata.org/entity/Q7238853,प्रवीण कुमार सोबती
http://www.wikidata.org/entity/Q7238863,प्रवीण ठिपसे
http://www.wikidata.org/entity/Q7239777,प्रीति डिमरी
http://www.wikidata.org/entity/Q7240152,प्रेम माया सोनिर
http://www.wikidata.org/entity/Q7245928,प्रीतम रानी सिवाच
http://www.wikidata.org/entity/Q2723699,किरण मोरे
http://www.wikidata.org/entity/Q1719579,तृप्ती मुरगुंडे
http://www.wikidata.org/entity/Q7238519,प्रशांत वैद्य
http://www.wikidata.org/entity/Q7238705,प्रतिमा पुहन
http://www.wikidata.org/entity/Q2602636,मोहिंदर अमरनाथ
http://www.wikidata.org/entity/Q2722170,सलिल अंकोला
http://www.wikidata.org/entity/Q2722181,अतुल वासन
http://www.wikidata.org/entity/Q2722186,अतुल बेदादे
http://www.wikidata.org/entity/Q2722220,अशोक पटेल
http://www.wikidata.org/entity/Q2722231,समीर दिघे
http://www.wikidata.org/entity/Q763995,बुधिया सिंह
http://www.wikidata.org/entity/Q738277,हनुमंत सिंह
http://www.wikidata.org/entity/Q7282996,रघुबीर सिंह
http://www.wikidata.org/entity/Q7283055,रघुराम भाट
http://www.wikidata.org/entity/Q7283390,राही सरनोबत
http://www.wikidata.org/entity/Q2723638,शिवलाल यादव
http://www.wikidata.org/entity/Q2723648,सुरिंदर अमरनाथ
http://www.wikidata.org/entity/Q2723684,रमाकांत देसाई
http://www.wikidata.org/entity/Q2723693,विजय मर्चेंट
http://www.wikidata.org/entity/Q7261356,पूर्णिमा चौधरी
http://www.wikidata.org/entity/Q7261359,पूर्णिमा राव
http://www.wikidata.org/entity/Q7261857,पुष्पेन्द्र कूमार गर्ग
http://www.wikidata.org/entity/Q7273905,आर॰ पी॰ सिंह
http://www.wikidata.org/entity/Q1726219,प्रदन्या गद्रे
http://www.wikidata.org/entity/Q7245950,पृथीपाल सिंह
http://www.wikidata.org/entity/Q7255992,कतूलू रवि कुमार
http://www.wikidata.org/entity/Q7260124,पुनीत बिष्ट
http://www.wikidata.org/entity/Q7285483,कुँवर महाराजसिंह
http://www.wikidata.org/entity/Q7285740,रजनी वेणुगोपाल
http://www.wikidata.org/entity/Q7310611,रेखा गोडबोले
http://www.wikidata.org/entity/Q7310613,रेखा पुणेकर
http://www.wikidata.org/entity/Q7313572,रेणू मारग्रेट
http://www.wikidata.org/entity/Q7315377,रेशमा गाँधी
http://www.wikidata.org/entity/Q27913916,कुहू गर्ग
http://www.wikidata.org/entity/Q7286107,राजेश्वरी ढोलकिया
http://www.wikidata.org/entity/Q7286386,राजपाल सिंह
http://www.wikidata.org/entity/Q7291682,रणधीर सिंह (क्रिकेटर)
http://www.wikidata.org/entity/Q7292599,रंगा सोहनी
http://www.wikidata.org/entity/Q7292990,रानी रामपाल
http://www.wikidata.org/entity/Q7294718,रासनारा परवीन
http://www.wikidata.org/entity/Q7294916,राशिद पटेल
http://www.wikidata.org/entity/Q7307033,रीतेंदर सिंह सोढ़ी
http://www.wikidata.org/entity/Q804684,बलबीर सिंह
http://www.wikidata.org/entity/Q7379606,रुना बासु
http://www.wikidata.org/entity/Q7380208,रूपांजलि शास्त्री
http://www.wikidata.org/entity/Q7396734,सचिन चौधरी
http://www.wikidata.org/entity/Q7399018,Master Sagar Kashyap New Delhi
http://www.wikidata.org/entity/Q7408826,समरेश जंग
http://www.wikidata.org/entity/Q7336038,ऋषि धवन
http://www.wikidata.org/entity/Q7336053,रिशिजे मुद्गल
http://www.wikidata.org/entity/Q7336508,रीता डे
http://www.wikidata.org/entity/Q7336583,रीता पटेल
http://www.wikidata.org/entity/Q1746795,इरफ़ान पठान
http://www.wikidata.org/entity/Q1756148,चेक्रोवोलु स्वुरो
http://www.wikidata.org/entity/Q1756438,deepika kumari
http://www.wikidata.org/entity/Q7289773,रामनाथ केन्नी
http://www.wikidata.org/entity/Q7289777,रामनाथ परकार
http://www.wikidata.org/entity/Q7382535,रुस्तमजी जमशेदजी
http://www.wikidata.org/entity/Q7387958,एस.वी.सुनील
http://www.wikidata.org/entity/Q7395772,सबा अंजुम करीम
http://www.wikidata.org/entity/Q1767874,सुप्रवत चक्रवर्ती
http://www.wikidata.org/entity/Q7416085,संदीप शर्मा
http://www.wikidata.org/entity/Q7416087,संदीप सिंह
http://www.wikidata.org/entity/Q7416294,संध्या मजूमदार
http://www.wikidata.org/entity/Q7416558,सांद्रा ब्रगांजा
http://www.wikidata.org/entity/Q888234,फौजा सिंह
http://www.wikidata.org/entity/Q1797686,सीमा अंतिल
http://www.wikidata.org/entity/Q50640468,मुस्कान किरार
http://www.wikidata.org/entity/Q27914181,पूर्विषा एस राम
http://www.wikidata.org/entity/Q51120717,अनीश भानवाला
http://www.wikidata.org/entity/Q51226837,अमित पंगहल
http://www.wikidata.org/entity/Q51656527,ओम प्रकाश मिथारवाल
http://www.wikidata.org/entity/Q51686218,सनिल शेट्टी
http://www.wikidata.org/entity/Q51686221,हरमीत देसाई
http://www.wikidata.org/entity/Q51844752,सुमित मालिक
http://www.wikidata.org/entity/Q1810034,अहमद खान
http://www.wikidata.org/entity/Q7418019,संगीता दबीर
http://www.wikidata.org/entity/Q7418516,संजीव राजपूत
http://www.wikidata.org/entity/Q7418593,संजु सैमसन
http://www.wikidata.org/entity/Q50351453,मनु भाकर
http://www.wikidata.org/entity/Q52714428,नमन तनवार
http://www.wikidata.org/entity/Q52679072,गौरव सोलंकी
http://www.wikidata.org/entity/Q52690538,मनीष कौशिक
http://www.wikidata.org/entity/Q1810136,रूप सिंह
http://www.wikidata.org/entity/Q51876537,हिमा दास
http://www.wikidata.org/entity/Q27306270,बसील थम्पी
http://www.wikidata.org/entity/Q51419423,गुरुराजा पुजारी
http://www.wikidata.org/entity/Q51441000,मधुरिका पाटकर
http://www.wikidata.org/entity/Q51442752,सुतीर्था मुखर्जी
http://www.wikidata.org/entity/Q51449031,अंजुम मौदगील
http://www.wikidata.org/entity/Q51543443,गुरजीत कौर
http://www.wikidata.org/entity/Q51655669,परदीप सिंह
http://www.wikidata.org/entity/Q27921704,मानसी जोशी
http://www.wikidata.org/entity/Q27921712,सुकन्या परीदा
http://www.wikidata.org/entity/Q27925013,रिंकू
http://www.wikidata.org/entity/Q27942237,अनिरुद्ध थापा
http://www.wikidata.org/entity/Q56052020,मानसी जोशी (पैरा-बैडमिन्टन खिलाड़ी)
http://www.wikidata.org/entity/Q55362485,दीपक कुमार
http://www.wikidata.org/entity/Q55616525,लालरेंसीअमि
http://www.wikidata.org/entity/Q56026072,गुकेश डी
http://www.wikidata.org/entity/Q55819441,नेहा गोयल
http://www.wikidata.org/entity/Q53870571,शिवानी मिश्रा
http://www.wikidata.org/entity/Q27947773,नुज़हत परवीन
http://www.wikidata.org/entity/Q27964756,श्रेयनशी परदेशी
http://www.wikidata.org/entity/Q56678282,अरुंधति रेड्डी
http://www.wikidata.org/entity/Q28032793,हरिका वेलूदुरथी
http://www.wikidata.org/entity/Q27244464,ऋतुराज गायकवाड़
http://www.wikidata.org/entity/Q7445867,सीमा देसाई
http://www.wikidata.org/entity/Q7461334,शाह न्यालचंद
http://www.wikidata.org/entity/Q56284199,सोनिया लथेर
http://www.wikidata.org/entity/Q57586376,यशसवी जायसवाल
http://www.wikidata.org/entity/Q7489924,शर्मिला चक्रवर्ती
http://www.wikidata.org/entity/Q7490552,शशि गुप्ता
http://www.wikidata.org/entity/Q7499373,शिवेंद्र सिंह
http://www.wikidata.org/entity/Q7585718,श्रीनाथ अरविंद
http://www.wikidata.org/entity/Q7585741,श्रीरूपा बोस
http://www.wikidata.org/entity/Q7426141,सतीश राय
http://www.wikidata.org/entity/Q7426441,सतपाल सिंह
http://www.wikidata.org/entity/Q7426891,सत्यदेव प्रसाद
http://www.wikidata.org/entity/Q7421986,सारादिन्दु मुखर्जी
http://www.wikidata.org/entity/Q7423751,सर्दार सिंग
http://www.wikidata.org/entity/Q7424441,सरोजा झुतु
http://www.wikidata.org/entity/Q28037266,अनुष्का पारिख
http://www.wikidata.org/entity/Q56213005,सौरभ चौधरी
http://www.wikidata.org/entity/Q56213583,अभिषेक वर्मा
http://www.wikidata.org/entity/Q7611018,स्टेफी डिसूजा
http://www.wikidata.org/entity/Q7631214,सुभाष भोमिक
http://www.wikidata.org/entity/Q7461486,शाहबाज नदीम
http://www.wikidata.org/entity/Q7487024,शिखर धवन
http://www.wikidata.org/entity/Q7487531,मोहम्मद शमी
http://www.wikidata.org/entity/Q7487571,शामिनी कुमारेसन
http://www.wikidata.org/entity/Q7489430,sharath gayakwad
http://www.wikidata.org/entity/Q56239428,शारदुल विहान
http://www.wikidata.org/entity/Q56248672,स्वाति
http://www.wikidata.org/entity/Q28370134,राम्या तुलसी
http://www.wikidata.org/entity/Q28378242,पूजा वस्त्राकर
http://www.wikidata.org/entity/Q28379953,राधा यादव
http://www.wikidata.org/entity/Q28457191,पूजा कादियान
http://www.wikidata.org/entity/Q7561892,सोनिया दबीर
http://www.wikidata.org/entity/Q7564600,सौम्यजीत घोष
http://www.wikidata.org/entity/Q7582375,सरबनी नन्दा
http://www.wikidata.org/entity/Q7585693,पीआर श्रीजेश
http://www.wikidata.org/entity/Q61796492,हरलीन देओल
http://www.wikidata.org/entity/Q7635636,सुजाता श्रीधर
http://www.wikidata.org/entity/Q7636930,सुमन बाला
http://www.wikidata.org/entity/Q58823966,लवलीन बोरगोहेन
http://www.wikidata.org/entity/Q58823972,सिमरनजीत कौर
http://www.wikidata.org/entity/Q7505955,श्यामा शॉ
http://www.wikidata.org/entity/Q7508050,सिद्धार्थ कौल
http://www.wikidata.org/entity/Q7545428,स्मिता हरिकृष्ण
http://www.wikidata.org/entity/Q7499799,शोभा पंडित
http://www.wikidata.org/entity/Q7503564,श्रीवत्स गोस्वामी
http://www.wikidata.org/entity/Q7504570,शुभांगी कुलकर्णी
http://www.wikidata.org/entity/Q7505613,शुते बनर्जी
http://www.wikidata.org/entity/Q7640379,सुनीता सिंह
http://www.wikidata.org/entity/Q7645328,सुरज लता देवी
http://www.wikidata.org/entity/Q7648976,सुष्मा राणा
http://www.wikidata.org/entity/Q7660306,सैयद आसिफ कादरी
http://www.wikidata.org/entity/Q7660386,सैयद मोहम्मद हादी
http://www.wikidata.org/entity/Q7646355,सुरिंदर कौर
http://www.wikidata.org/entity/Q7648006,सुसान इट्टिचेरिया
http://www.wikidata.org/entity/Q7660418,सैय्यद नईमुद्दीन
http://www.wikidata.org/entity/Q7668119,टी॰ ए॰ सेखर
http://www.wikidata.org/entity/Q8062264,युज़वेन्द्र चहल
http://www.wikidata.org/entity/Q8064230,ज़फर इकबाल
http://www.wikidata.org/entity/Q9125304,सुधीर कुमार चित्रदुर्ग
http://www.wikidata.org/entity/Q7916117,वर्षा राफ़ेल
http://www.wikidata.org/entity/Q7916335,वसंत रंजाने
http://www.wikidata.org/entity/Q7633683,सुदीप त्यागी
http://www.wikidata.org/entity/Q7633741,सुधा शाह
http://www.wikidata.org/entity/Q111818126,ज्ञानेश्वरी यादव
http://www.wikidata.org/entity/Q112118280,परवीन हुड्डा
http://www.wikidata.org/entity/Q4913993,बिंदेश्वरी गोयल
http://www.wikidata.org/entity/Q7920064,वेंकटाचर कल्पना
http://www.wikidata.org/entity/Q7920081,वेंकटरमन सुब्रमण्य
http://www.wikidata.org/entity/Q7929206,विजय शंकर
http://www.wikidata.org/entity/Q7937589,विवेक मिश्रा
http://www.wikidata.org/entity/Q8047013,यजुरविंद्र सिंह
http://www.wikidata.org/entity/Q4978587,ज्योतिर्मयी सिकदर
http://www.wikidata.org/entity/Q5266857,देवेन्द्र झाज़रिया
http://www.wikidata.org/entity/Q5267049,देविका पल्शिकर
http://www.wikidata.org/entity/Q7686213,तड़ित कुमार सेठ
http://www.wikidata.org/entity/Q7878239,उज्वला निकम
http://www.wikidata.org/entity/Q7897123,उन्मुक्त चंद
http://www.wikidata.org/entity/Q7902737,उथपाला चक्रवर्ती
http://www.wikidata.org/entity/Q9206631,देवी सिंह
http://www.wikidata.org/entity/Q12975577,एम॰ वी॰ नरसिम्हा राव
http://www.wikidata.org/entity/Q12978550,सीमा पुजारे
http://www.wikidata.org/entity/Q12982575,चन्द्रशेखर गडकरी
http://www.wikidata.org/entity/Q12985132,निखिल चोपड़ा
http://www.wikidata.org/entity/Q4857762,बाका जिलानी
http://www.wikidata.org/entity/Q4876822,बीस सरकार
http://www.wikidata.org/entity/Q4881005,बहरोज इडुल्जी
http://www.wikidata.org/entity/Q5578094,गोकुल इंदर देव
http://www.wikidata.org/entity/Q5617158,गुल मोहम्मद
http://www.wikidata.org/entity/Q5618639,गुंदीबैल सुंदरम
http://www.wikidata.org/entity/Q5619875,गुरबचन सिंह रंधावा
http://www.wikidata.org/entity/Q11813638,पॉल चीमा सिंह
http://www.wikidata.org/entity/Q13423802,श्रीकांत किदम्बी
http://www.wikidata.org/entity/Q11716728,जमन लाल शर्मा
http://www.wikidata.org/entity/Q5071022,चंद्रकांता कौल
http://www.wikidata.org/entity/Q5071368,चन्द्रकांत पण्डित
http://www.wikidata.org/entity/Q5071369,चंद्रकांत पाटनकर
http://www.wikidata.org/entity/Q5073931,चरणजीत सिंह
http://www.wikidata.org/entity/Q5250305,दीप सेनगुप्ता
http://www.wikidata.org/entity/Q5250468,दीपा मराठे
http://www.wikidata.org/entity/Q5250490,दीपक चाहर
http://www.wikidata.org/entity/Q5075686,चार्ल्स बोर्रोमेओ
http://www.wikidata.org/entity/Q5094148,चेतन बाबूर
http://www.wikidata.org/entity/Q5431333,फैज़ फ़जल
http://www.wikidata.org/entity/Q5476489,फावज़ीह खलीली
http://www.wikidata.org/entity/Q5512346,गुलाम मोहम्मद खान
http://www.wikidata.org/entity/Q5521174,गंगोत्री भण्डारी
http://www.wikidata.org/entity/Q5523189,गार्गी बेनर्जी
http://www.wikidata.org/entity/Q10973769,सुनेत्र परांजपे
http://www.wikidata.org/entity/Q5269140,धरमवीर सिंह
http://www.wikidata.org/entity/Q5269461,धवल कुलकर्णी
http://www.wikidata.org/entity/Q5269600,धीरज परसना
http://www.wikidata.org/entity/Q5271138,डायना डेविड
http://www.wikidata.org/entity/Q24572606,वाशिंगटन सुंदर
http://www.wikidata.org/entity/Q24809930,दत्तू बबन भोकानल
http://www.wikidata.org/entity/Q24852240,वरुण सिंह भाटी
http://www.wikidata.org/entity/Q24852432,मैराज अहमद ख़ान
http://www.wikidata.org/entity/Q24896269,सम्मुदी बालसुब्रमण्यम
http://www.wikidata.org/entity/Q13505049,मनु अत्री
http://www.wikidata.org/entity/Q7902977,उत्पल चटर्जी
http://www.wikidata.org/entity/Q7906118,वी॰ एम॰ मुदिया
http://www.wikidata.org/entity/Q7906193,वी॰ आर॰ रघुनाथ
http://www.wikidata.org/entity/Q7912913,वामन कुमार
http://www.wikidata.org/entity/Q14285617,कश्मीरा जोगळेकर
http://www.wikidata.org/entity/Q5215662,दंडमुड़ी राजगोपाल
http://www.wikidata.org/entity/Q5219766,दानिश मुजतबा
http://www.wikidata.org/entity/Q5529961,गीता रानी
http://www.wikidata.org/entity/Q5529965,गीता जुत्शी
http://www.wikidata.org/entity/Q5529989,गीतिका जाखड़
http://www.wikidata.org/entity/Q5577504,गोगुमल किशनचंद
http://www.wikidata.org/entity/Q25172002,अवतार सिंह
http://www.wikidata.org/entity/Q25350367,मनिका बत्रा
http://www.wikidata.org/entity/Q25352044,के। श्रीनिवास
http://www.wikidata.org/entity/Q24955843,नीरज चोपड़ा
http://www.wikidata.org/entity/Q10974070,राजेश्वरी गोयल
http://www.wikidata.org/entity/Q11002148,विजय राजिन्दरनाथ
http://www.wikidata.org/entity/Q11027874,मनीष पांडे
http://www.wikidata.org/entity/Q25160407,rahul chuadry
http://www.wikidata.org/entity/Q12985210,नीलिमा जोगलेकर
http://www.wikidata.org/entity/Q12988600,लोपामुद्रा भट्टाचार्जी
http://www.wikidata.org/entity/Q12989053,विजय यादव
http://www.wikidata.org/entity/Q12989141,वृंदा भगत
http://www.wikidata.org/entity/Q13649697,मिथु मुखर्जी
http://www.wikidata.org/entity/Q26036545,जिन्सन जॉनसन
http://www.wikidata.org/entity/Q26059314,रमनदीप सिंह (हॉकी)
http://www.wikidata.org/entity/Q26132280,देविन्दर वाल्मीकि
http://www.wikidata.org/entity/Q26132281,हरमनप्रीत सिंह
http://www.wikidata.org/entity/Q5623991,ज्ञानेंद्र पाण्डेय
http://www.wikidata.org/entity/Q5640301,हाकम सिंह
http://www.wikidata.org/entity/Q5651344,हनुमा विहारी
http://www.wikidata.org/entity/Q5276694,दिलावर हुसैन
http://www.wikidata.org/entity/Q5276819,दिलीप टिर्की
http://www.wikidata.org/entity/Q5619899,गुरचरण सिंग
http://www.wikidata.org/entity/Q5620114,गुरकीरत सिंह
http://www.wikidata.org/entity/Q13003328,प्रणिता वर्धिनीनी
http://www.wikidata.org/entity/Q13120916,वज़ीर अली
http://www.wikidata.org/entity/Q26418126,नवजोत कौर
http://www.wikidata.org/entity/Q26464917,आशुतोष आगाशे
http://www.wikidata.org/entity/Q26499410,शिवानी कटारिया
http://www.wikidata.org/entity/Q11738875,खुशबीर कौर
http://www.wikidata.org/entity/Q11788292,नोरा पोली
http://www.wikidata.org/entity/Q11792343,निशा मोहोता
http://www.wikidata.org/entity/Q25713992,रविन्द्र खत्री
http://www.wikidata.org/entity/Q25990418,अदिति अशोक
http://www.wikidata.org/entity/Q13512711,ईशा लखानी
http://www.wikidata.org/entity/Q26269744,दीपिका ठाकुर
http://www.wikidata.org/entity/Q26405725,आशा रॉय
http://www.wikidata.org/entity/Q26405912,निक्की प्रधान
http://www.wikidata.org/entity/Q26405916,प्रीति दुबे
http://www.wikidata.org/entity/Q24946131,साथियान गणानाशेखरन
http://www.wikidata.org/entity/Q24951623,मोहम्मद अनास
http://www.wikidata.org/entity/Q26847147,मरियप्पन थान्गावेलु
http://www.wikidata.org/entity/Q26923463,दीपक लाठर
http://www.wikidata.org/entity/Q26208344,लिलिमा मिंज
http://www.wikidata.org/entity/Q26209477,क्यानन चेनई
http://www.wikidata.org/entity/Q26209664,अय्यासामी धरुण
http://www.wikidata.org/entity/Q26210657,खेता राम
http://www.wikidata.org/entity/Q26210833,कुन्हु मुहम्मद
http://www.wikidata.org/entity/Q26250663,निर्मला शियोरान
http://www.wikidata.org/entity/Q26251737,मौसम खत्री
http://www.wikidata.org/entity/Q26260170,नितेन्द्र सिंह रावत
http://www.wikidata.org/entity/Q26260717,अनिल्डा थॉमस
http://www.wikidata.org/entity/Q26261191,सुरेन्द्र कुमार
http://www.wikidata.org/entity/Q26265953,देबाश्री मजूमदार
http://www.wikidata.org/entity/Q26269742,मोनिका मलिक
http://www.wikidata.org/entity/Q15290936,तन्वी लाड
http://www.wikidata.org/entity/Q26205992,थोनाकल गोपी
http://www.wikidata.org/entity/Q26207997,दीप ग्रेस एक्का
http://www.wikidata.org/entity/Q26208238,नमिता टोप्पो
http://www.wikidata.org/entity/Q15205490,एकता बिष्ट
http://www.wikidata.org/entity/Q14474417,राजिन्द्र पाल
http://www.wikidata.org/entity/Q15093215,भाविना हसमुखभाई पटेल
http://www.wikidata.org/entity/Q26837934,रागाला वेंकट राहुल
http://www.wikidata.org/entity/Q26923781,सुंदर सिंह गुर्जर
http://www.wikidata.org/entity/Q14592828,बी॰ सुमित रेड्डी
http://www.wikidata.org/entity/Q15560285,मलाथी कृष्णामूर्ति हॉलला
http://www.wikidata.org/entity/Q15607055,आदित्य जोशी
http://www.wikidata.org/entity/Q15620976,मनप्रीत सिंह
http://www.wikidata.org/entity/Q15627855,बजरंग पुणिया
http://www.wikidata.org/entity/Q14625357,मचेत्तिरा राजू पूवम्मा
http://www.wikidata.org/entity/Q15020846,दूती चन्द
http://www.wikidata.org/entity/Q15678622,मेरी लीला रो
http://www.wikidata.org/entity/Q107419962,सलीमा टेटे
http://www.wikidata.org/entity/Q15725012,माधुरी मेहता
http://www.wikidata.org/entity/Q15725398,स्वागतिका राथ
http://www.wikidata.org/entity/Q27057864,थांडव मूर्ति मुथु
http://www.wikidata.org/entity/Q15864307,सुर्यकुमार यादव
http://www.wikidata.org/entity/Q16054428,अर्थी सारा सुनील
http://www.wikidata.org/entity/Q15693772,रितुपर्णा दास
http://www.wikidata.org/entity/Q16206867,लैशराम सरिता देवी
http://www.wikidata.org/entity/Q16212236,सुनीता रानी
http://www.wikidata.org/entity/Q16212259,सुमन रावत
http://www.wikidata.org/entity/Q16062362,जूही देवानंगन
http://www.wikidata.org/entity/Q29210278,प्रजनेश गुनेश्वरन
http://www.wikidata.org/entity/Q64880530,अभिनव शा
http://www.wikidata.org/entity/Q16212944,जगसीर सिंह
http://www.wikidata.org/entity/Q16213577,डेविड जॉनसन
http://www.wikidata.org/entity/Q29634098,छोटा सिंह
http://www.wikidata.org/entity/Q29818451,हरबंस लाल
http://www.wikidata.org/entity/Q30070393,अंशु जमसेंपा
http://www.wikidata.org/entity/Q16194368,भाग्यश्री थिप्से
http://www.wikidata.org/entity/Q29446360,निहाल सरकार
http://www.wikidata.org/entity/Q28840013,शुबमन गिल
http://www.wikidata.org/entity/Q16224802,स्मृति मंधाना
http://www.wikidata.org/entity/Q16224884,मोना मेश्राम
http://www.wikidata.org/entity/Q16225078,शिखा पांडे
http://www.wikidata.org/entity/Q16225109,अक्षर पटेल
http://www.wikidata.org/entity/Q16216725,भार्गव श्री प्रकाश
http://www.wikidata.org/entity/Q16224626,लतिका कुमारी
http://www.wikidata.org/entity/Q16773178,एच बोनीफेस प्रभु
http://www.wikidata.org/entity/Q16886266,रूपा उन्नीकृष्णन
http://www.wikidata.org/entity/Q16935077,राकेश कुमार
http://www.wikidata.org/entity/Q16728389,अर्चना दास
http://www.wikidata.org/entity/Q16728523,K. J. Kapil Dev
http://www.wikidata.org/entity/Q16225636,नेहा तंवर
http://www.wikidata.org/entity/Q16225724,रेणुका यादव
http://www.wikidata.org/entity/Q16225759,वेलस्वामी वनिता
http://www.wikidata.org/entity/Q16225904,कुलदीप यादव
http://www.wikidata.org/entity/Q30230949,दिव्य काकरन
http://www.wikidata.org/entity/Q31705010,शेरमी उलहानान
http://www.wikidata.org/entity/Q65621957,राहुल भारद्वाज बैंगलौर मंजूनाथ
http://www.wikidata.org/entity/Q28528686,शेखर नायक
http://www.wikidata.org/entity/Q28561470,शिवम दुबे
http://www.wikidata.org/entity/Q17425099,कल्पना थोडम
http://www.wikidata.org/entity/Q17434833,सतीश शिवलिंगम
http://www.wikidata.org/entity/Q17435457,श्रेयसी सिंह
http://www.wikidata.org/entity/Q17435480,पूनम यादव
http://www.wikidata.org/entity/Q17438217,जीतू राय
http://www.wikidata.org/entity/Q17438221,गुरपाल सिंह
http://www.wikidata.org/entity/Q38357880,स्नेहा दीप्ति
http://www.wikidata.org/entity/Q28673896,खलील अहमद
http://www.wikidata.org/entity/Q28722421,सोनी यादव
http://www.wikidata.org/entity/Q28736658,रिया भाटिया
http://www.wikidata.org/entity/Q17418774,वंदना कटारिया
http://www.wikidata.org/entity/Q17418804,गणेश माली
http://www.wikidata.org/entity/Q17415280,सुशीला लिकमाबाम
http://www.wikidata.org/entity/Q17415290,नवजोत चाना
http://www.wikidata.org/entity/Q17415291,साइखोम मीराबाई चानू
http://www.wikidata.org/entity/Q17415527,सुखन डे
http://www.wikidata.org/entity/Q37793116,तेजिंदर पाल सिंह
http://www.wikidata.org/entity/Q17544193,नवजीत ढिल्लन
http://www.wikidata.org/entity/Q5684166,हवा सींग
http://www.wikidata.org/entity/Q5698012,हिना सिद्धू
http://www.wikidata.org/entity/Q5712239,हेमलता कला
http://www.wikidata.org/entity/Q16557045,हरिचरण शॉ
http://www.wikidata.org/entity/Q16559695,इन्द्रजीत सिंह
http://www.wikidata.org/entity/Q32752549,मेहुली घोष
http://www.wikidata.org/entity/Q17465902,विकास ठाकुर
http://www.wikidata.org/entity/Q17466286,सत्यव्रत केदान
http://www.wikidata.org/entity/Q17466291,दीपा कर्मकार
http://www.wikidata.org/entity/Q17627763,सुनीला आपटे
http://www.wikidata.org/entity/Q17466423,साक्षी मलिक
http://www.wikidata.org/entity/Q16105455,केनेत पोवेल्
http://www.wikidata.org/entity/Q16225327,सुशीला चानू
http://www.wikidata.org/entity/Q16225462,कर्ण शर्मा
http://www.wikidata.org/entity/Q16225469,शुभलक्ष्मी शर्मा
http://www.wikidata.org/entity/Q17466493,अंकुर मित्तल
http://www.wikidata.org/entity/Q17466644,विनेश फोगाट
http://www.wikidata.org/entity/Q17469715,अर्पिंदर सिंह
http://www.wikidata.org/entity/Q17476827,पिंकी रानी जांगड़ा
http://www.wikidata.org/entity/Q17479499,एंथोनी अमलराज
http://www.wikidata.org/entity/Q16227998,जसप्रीत बुमराह
http://www.wikidata.org/entity/Q16240331,पृथ्वी शॉ
http://www.wikidata.org/entity/Q17421764,अयोनिका पॉल
http://www.wikidata.org/entity/Q17495905,रूपिंदर पाल सिंह
http://www.wikidata.org/entity/Q33082994,स्वप्ना बरमान
http://www.wikidata.org/entity/Q17403317,लाखो फूटी भुटिया
http://www.wikidata.org/entity/Q17403394,अनु रानी
http://www.wikidata.org/entity/Q17413565,खुमुकचम संजीता चानू
http://www.wikidata.org/entity/Q5765114,हिमंता बिस्वा सरमा
http://www.wikidata.org/entity/Q18705305,श्रेयस अय्यर
http://www.wikidata.org/entity/Q6122262,Jagbir Singh
http://www.wikidata.org/entity/Q6123157,जहांगीर खान
http://www.wikidata.org/entity/Q18109455,अजय ठाकुर
http://www.wikidata.org/entity/Q18111579,अतानु दास
http://www.wikidata.org/entity/Q18127747,ममता पुजारी
http://www.wikidata.org/entity/Q18145400,रजत चौहान
http://www.wikidata.org/entity/Q18161465,अभिषेक वर्मा
http://www.wikidata.org/entity/Q18161951,पूजा रानी बूरा
http://www.wikidata.org/entity/Q19282085,ब्रैंडन फर्नांडिस
http://www.wikidata.org/entity/Q5768994,हिरालाल गायकवाड़
http://www.wikidata.org/entity/Q6354346,कल्पन परोपकारी
http://www.wikidata.org/entity/Q6354958,कल्याणी ढोकरीकर
http://www.wikidata.org/entity/Q6355721,कमल जीत संधू
http://www.wikidata.org/entity/Q18637900,रितु रानी
http://www.wikidata.org/entity/Q18638089,शार्दुल ठाकुर
http://www.wikidata.org/entity/Q6379301,Kavita Raut
http://www.wikidata.org/entity/Q6379302,कविता राय
http://www.wikidata.org/entity/Q6382526,केदार देवधर
http://www.wikidata.org/entity/Q6382528,केदार जाधव
http://www.wikidata.org/entity/Q18670365,रुथवीका शिवानी
http://www.wikidata.org/entity/Q6165853,जे.जे शोभा
http://www.wikidata.org/entity/Q6167425,जया शर्मा
http://www.wikidata.org/entity/Q6167676,जयसिंहराव घोरपड़े
http://www.wikidata.org/entity/Q18205297,ललिता बबर
http://www.wikidata.org/entity/Q18205475,सतनाम सिंह भमरा
http://www.wikidata.org/entity/Q6733203,एमके कौशिक
http://www.wikidata.org/entity/Q6745465,ममता कनोजिया
http://www.wikidata.org/entity/Q6533367,सैली राणे
http://www.wikidata.org/entity/Q17708829,anup kumar
http://www.wikidata.org/entity/Q18086585,श्वेता चौधरी
http://www.wikidata.org/entity/Q18211289,प्रार्थना थोम्बरे
http://www.wikidata.org/entity/Q18217536,रवि कुमार
http://www.wikidata.org/entity/Q6372949,करनी सिंह
http://www.wikidata.org/entity/Q6373592,करू जैन
http://www.wikidata.org/entity/Q6373656,करुण नायर
http://www.wikidata.org/entity/Q6319482,ज्योत्सना पटेल
http://www.wikidata.org/entity/Q6323562,के एम बीनामोल
http://www.wikidata.org/entity/Q6745469,ममता माबेन
http://www.wikidata.org/entity/Q6745989,ममता प्रभु
http://www.wikidata.org/entity/Q6747933,मनदीप सिंह
http://www.wikidata.org/entity/Q6505174,लक्ष्मण सिवरामाकृष्णन
http://www.wikidata.org/entity/Q6505234,लक्ष्मी रतन शुक्ल
http://www.wikidata.org/entity/Q6505442,लाया फ्रांसिस
http://www.wikidata.org/entity/Q6530802,लेस्ली फर्नांडीज
http://www.wikidata.org/entity/Q17421761,अपूर्वी चंदेला
http://www.wikidata.org/entity/Q6167758,जयदेव उनादकट
http://www.wikidata.org/entity/Q6177910,जेन्नी ईरानी
http://www.wikidata.org/entity/Q6214805,जोगिंदर सिंह
http://www.wikidata.org/entity/Q6983477,नज़ीर अली
http://www.wikidata.org/entity/Q6986972,नीता कदम
http://www.wikidata.org/entity/Q6986987,नीतू डेविड
http://www.wikidata.org/entity/Q6987732,नेहा अग्रवाल
http://www.wikidata.org/entity/Q18217538,सतीश कुमार
http://www.wikidata.org/entity/Q18218014,चैन सिंह
http://www.wikidata.org/entity/Q18218134,वर्षा वर्मन
http://www.wikidata.org/entity/Q6289572,जोशना चिनप्पा
http://www.wikidata.org/entity/Q6297681,जॉयदीप करमारकर
http://www.wikidata.org/entity/Q6958532,निरंजन नागराजन
http://www.wikidata.org/entity/Q6961274,नमन ओझा
http://www.wikidata.org/entity/Q6389222,केनिया जयंतिलाल
http://www.wikidata.org/entity/Q6399138,खजान सिंह
http://www.wikidata.org/entity/Q6400421,खानम हाजी
http://www.wikidata.org/entity/Q6433981,कोथाजीत सिंह
http://www.wikidata.org/entity/Q6751496,मनप्रीत कौर
http://www.wikidata.org/entity/Q6751499,मनप्रीत सिंह
http://www.wikidata.org/entity/Q5885175,इग्नेस टिर्की
http://www.wikidata.org/entity/Q5890765,होमी मोतीवाला
http://www.wikidata.org/entity/Q6747936,मनदीप सिंह (हॉकी)
http://www.wikidata.org/entity/Q6749767,मणिमाला सिंघल
http://www.wikidata.org/entity/Q6750436,मंजू नादगोड़ा
http://www.wikidata.org/entity/Q6474328,लज्जा गोस्वामी
http://www.wikidata.org/entity/Q6480448,लाल सिंह
http://www.wikidata.org/entity/Q6933438,मुकेश कुमार
http://www.wikidata.org/entity/Q6938778,मुर्लिकांत पेटकर
http://www.wikidata.org/entity/Q6900092,मोनिका सुमरा
http://www.wikidata.org/entity/Q6906623,मोंटू बनर्जी
http://www.wikidata.org/entity/Q6919076,मौमा दास
http://www.wikidata.org/entity/Q6869394,मिनोती देसाई
http://www.wikidata.org/entity/Q6892264,मोहम्मद निसार
http://www.wikidata.org/entity/Q6892991,मोहम्मद असदुल्लाह
http://www.wikidata.org/entity/Q6893331,मोहम्मद शाहिद
http://www.wikidata.org/entity/Q6894216,मोहित शर्मा
http://www.wikidata.org/entity/Q6559267,लिसी सैम्युल
http://www.wikidata.org/entity/Q7206329,पोचिआ कृष्णमूर्ति
http://www.wikidata.org/entity/Q7228702,पूनम यादव
http://www.wikidata.org/entity/Q7235568,पॉलोमी घटक
http://www.wikidata.org/entity/Q7121433,पान सिंह तोमर
http://www.wikidata.org/entity/Q7123887,पद्मिनी राउट
http://www.wikidata.org/entity/Q7130034,पननमल पंजाबी
http://www.wikidata.org/entity/Q7131294,पंकज रॉय
http://www.wikidata.org/entity/Q7131295,पंकज सिंह
http://www.wikidata.org/entity/Q6796841,मयंक अग्रवाल
http://www.wikidata.org/entity/Q7136959,परगट सिंह
http://www.wikidata.org/entity/Q7141318,परवेज़ रसूल
http://www.wikidata.org/entity/Q39891326,ज़ोरा सिंह
http://www.wikidata.org/entity/Q7156110,पवन नेगी
http://www.wikidata.org/entity/Q7186454,फिरोज पालिया
http://www.wikidata.org/entity/Q6668646,के॰ एल॰ राहुल
http://www.wikidata.org/entity/Q6712524,एम.डी.वाल्साम्मा
http://www.wikidata.org/entity/Q6713236,एम॰ वेंकटरमण
http://www.wikidata.org/entity/Q6727267,माधव मंत्री
http://www.wikidata.org/entity/Q7041306,नितिन मेनन
http://www.wikidata.org/entity/Q7049945,नूशीन अल खदीर
http://www.wikidata.org/entity/Q7072153,ओ॰ पी॰ जैशा
http://www.wikidata.org/entity/Q7030842,निधि बुले
http://www.wikidata.org/entity/Q7040109,निरुपमा मंकड़
http://www.wikidata.org/entity/Q7040246,निशा मिलेट
http://www.wikidata.org/entity/Q41857315,जैक्सन सिंह थानाओजम
http://www.wikidata.org/entity/Q42898219,जेमिमाह रॉड्रिक्स
http://www.wikidata.org/entity/Q7237300,प्राची तेहलान
http://www.wikidata.org/entity/Q7238305,प्रणब रॉय
http://www.wikidata.org/entity/Q47000957,दीपिका हेनरी जोसेफ
http://www.wikidata.org/entity/Q47000958,कविता सेल्वराज
http://www.wikidata.org/entity/Q47001780,एम॰ सूर्यनारायण
http://www.wikidata.org/entity/Q47004915,जसमेर सिंह
http://www.wikidata.org/entity/Q47009238,सुरजीत कुमार
http://www.wikidata.org/entity/Q47009261,राजगुरु सुब्रमण्यन
http://www.wikidata.org/entity/Q47009578,कविता देवी
http://www.wikidata.org/entity/Q47009723,सुमित्रा शर्मा
http://www.wikidata.org/entity/Q47009725,अनीता मावी
http://www.wikidata.org/entity/Q47011392,अर्जुन काधे
http://www.wikidata.org/entity/Q48876961,किरण बिश्नोई
http://www.wikidata.org/entity/Q47545849,मोहम्मद हुसामुद्दीन
http://www.wikidata.org/entity/Q48621444,तानिया भाटिया
http://www.wikidata.org/entity/Q47490298,मयंक मारकंडे
http://www.wikidata.org/entity/Q66527150,प्रमोद भगत
http://www.wikidata.org/entity/Q66765131,रमेश टीकाराम
http://www.wikidata.org/entity/Q68109662,रवि कुमार दहिया
http://www.wikidata.org/entity/Q70571662,मनीषा मौन
http://www.wikidata.org/entity/Q70709145,मंजू रानी
http://www.wikidata.org/entity/Q27667023,दांगमेई ग्रेस
http://www.wikidata.org/entity/Q27662918,थंगरसू नटराजन
http://www.wikidata.org/entity/Q27663375,रोहन पंडित
http://www.wikidata.org/entity/Q27688284,युम्लेम्बम प्रेमी देवी
http://www.wikidata.org/entity/Q27734215,manjeet chillar
http://www.wikidata.org/entity/Q27736374,संजीव दुआ
http://www.wikidata.org/entity/Q27736420,राहुल चहर
http://www.wikidata.org/entity/Q27780754,लक्ष्य सेन
http://www.wikidata.org/entity/Q27783191,चिराग शेट्टी
http://www.wikidata.org/entity/Q27830514,अश्ना रॉय
http://www.wikidata.org/entity/Q27830516,फरहा माथर
http://www.wikidata.org/entity/Q3765041,जस्पल राना
http://www.wikidata.org/entity/Q3765128,संध्या अग्रवाल
http://www.wikidata.org/entity/Q3848395,दिग्विजयसिंहजी रणजीतसिंहजी
http://www.wikidata.org/entity/Q4077304,प्रदीप कुमार बनर्जी
http://www.wikidata.org/entity/Q4352330,मोहिंदर लाल
http://www.wikidata.org/entity/Q4357651,मानवजीत सिंह सन्धू
http://www.wikidata.org/entity/Q4567352,नीलम जसवंत सिंह
http://www.wikidata.org/entity/Q4647797,ए॰ जी॰ मिल्खा सिंह
http://www.wikidata.org/entity/Q4667423,अभिमन्यु मिथुन
http://www.wikidata.org/entity/Q4667439,अभिनव मुकुन्द
http://www.wikidata.org/entity/Q4696345,अहसान-उल-हक़
http://www.wikidata.org/entity/Q4699667,अजय वर्मा
http://www.wikidata.org/entity/Q4699668,अजय वर्मा (क्रिकेटर)
http://www.wikidata.org/entity/Q4699794,अजीत पाल सिंह
http://www.wikidata.org/entity/Q4701800,अक्षाथ रेड्डी
http://www.wikidata.org/entity/Q4740055,अमर सिंह
http://www.wikidata.org/entity/Q4740302,अमरजीत कायपी
http://www.wikidata.org/entity/Q4746544,आमिर इलाही
http://www.wikidata.org/entity/Q4748683,अमृता शिंदे
http://www.wikidata.org/entity/Q4765297,अनीसा सैयद
http://www.wikidata.org/entity/Q4765728,अंजली भागवत
http://www.wikidata.org/entity/Q4765741,अंजलि पेंढारकर
http://www.wikidata.org/entity/Q4765744,अंजलि शर्मा
http://www.wikidata.org/entity/Q4765870,अंजू जैन
http://www.wikidata.org/entity/Q4766072,अंकिता दास
http://www.wikidata.org/entity/Q4766073,अंकिता रैना
http://www.wikidata.org/entity/Q4769643,annu raj singh
http://www.wikidata.org/entity/Q4773774,एंथनी डी मेलो
http://www.wikidata.org/entity/Q4777767,अनुजा पाटिल
http://www.wikidata.org/entity/Q4784426,आरती साहा
http://www.wikidata.org/entity/Q4784428,आरती वैद्य
http://www.wikidata.org/entity/Q4802102,अरुण कार्तिक
http://www.wikidata.org/entity/Q4802119,अरुण मुरुगेसन
http://www.wikidata.org/entity/Q4802197,अरुणाधती संतोष घोष
http://www.wikidata.org/entity/Q4802252,अरुंधति किरकिरे
http://www.wikidata.org/entity/Q4802477,अरविंद आप्टे
http://www.wikidata.org/entity/Q4804520,आशा रावत
http://www.wikidata.org/entity/Q4805756,अशोक कुमार
http://www.wikidata.org/entity/Q4806202,अश्विनी अकुंजी
http://www.wikidata.org/entity/Q4807276,असलम शेर खान
http://www.wikidata.org/entity/Q4829067,अवनीत कौर सिधु
http://www.wikidata.org/entity/Q4837938,बबिता मांडलिक
http://www.wikidata.org/entity/Q4842259,बहादुर सींग चौहान
http://www.wikidata.org/entity/Q4851047,बलजिन्दर सिंह
http://www.wikidata.org/entity/Q110944806,यश धुल
http://www.wikidata.org/entity/Q110961086,राज बावा
http://www.wikidata.org/entity/Q19571682,चिंगलेनसाना सिंह
http://www.wikidata.org/entity/Q19571705,विजय शंकर (क्रिकेटर)
http://www.wikidata.org/entity/Q19571971,जयंत यादव
http://www.wikidata.org/entity/Q19577601,सजन प्रकाश
http://www.wikidata.org/entity/Q19895060,हार्दिक पाण्डया
http://www.wikidata.org/entity/Q20744962,ललिता दाहिया
http://www.wikidata.org/entity/Q20737686,सेन केशव
http://www.wikidata.org/entity/Q20740575,अनुराधा थोकचोम
http://www.wikidata.org/entity/Q20643167,सविता पुनी
http://www.wikidata.org/entity/Q20665358,सुमित नागल
http://www.wikidata.org/entity/Q20680231,सुनीता लाकरा
http://www.wikidata.org/entity/Q20745110,नितीश राणा
http://www.wikidata.org/entity/Q20745147,क्रुणाल पांड्या
http://www.wikidata.org/entity/Q20745209,रजनी एटिमरपु
http://www.wikidata.org/entity/Q20890056,बरिंदेर स्रां
http://www.wikidata.org/entity/Q20970886,मनीष सिंह रावत
http://www.wikidata.org/entity/Q20972823,सपना पूनिया
http://www.wikidata.org/entity/Q21064094,सुषमा वर्मा
http://www.wikidata.org/entity/Q21066426,संदीप कुमार
http://www.wikidata.org/entity/Q21621705,इशान किशन
http://www.wikidata.org/entity/Q21621739,प्रसिद्ध कृष्णा
http://www.wikidata.org/entity/Q21622311,ऋषभ पंत
http://www.wikidata.org/entity/Q21622413,दीपक पूनीया
http://www.wikidata.org/entity/Q21622671,नवदीप सैनी
http://www.wikidata.org/entity/Q21066929,लक्ष्मीरानी माझी
http://www.wikidata.org/entity/Q21170702,वीरेंद्र शर्मा
http://www.wikidata.org/entity/Q21285166,कृष्णप्पा गौतम
http://www.wikidata.org/entity/Q21621348,राजेश्वरी गायकवाड़
http://www.wikidata.org/entity/Q21622703,संदीप तोमर
http://www.wikidata.org/entity/Q21622838,दीप्ति शर्मा
http://www.wikidata.org/entity/Q21936505,जिसना मैथ्यू
http://www.wikidata.org/entity/Q22328203,गुरतेज सिंह
http://www.wikidata.org/entity/Q22002931,आर. वैशाली
http://www.wikidata.org/entity/Q23542567,अहिल्या हरजनी
http://www.wikidata.org/entity/Q22957578,वेद कृष्णमूर्ति
http://www.wikidata.org/entity/Q22958771,पृथ्वीपाल चटर्जी
http://www.wikidata.org/entity/Q23019895,अमृत सिंह
http://www.wikidata.org/entity/Q23409581,झन्नो हंसदा
http://www.wikidata.org/entity/Q23409598,पश्चिम पाठक
http://www.wikidata.org/entity/Q23664777,हरदीप सिंह
http://www.wikidata.org/entity/Q23761458,मोहम्मद सिराज
http://www.wikidata.org/entity/Q23761807,आकाशदीप सिंह
http://www.wikidata.org/entity/Q23769861,पूजा सहस्रबुद्धे
http://www.wikidata.org/entity/Q23879688,राहुल बालासाहेब अवारे
http://www.wikidata.org/entity/Q23883784,अरुणा रेड्डी
http://www.wikidata.org/entity/Q23887948,रवि
http://www.wikidata.org/entity/Q23887960,अनिल दांडेकर
http://www.wikidata.org/entity/Q24005719,स्नेह राणा
http://www.wikidata.org/entity/Q24007406,समंथा लोबत्तो
http://www.wikidata.org/entity/Q24150831,रितु ध्रुब
http://www.wikidata.org/entity/Q24151094,प्रीती बोस
http://www.wikidata.org/entity/Q24450214,शिल्पा गुप्ता
http://www.wikidata.org/entity/Q24572213,रामबीर सिंह सांगवान
http://www.wikidata.org/entity/Q84258326,प्रवीण जाधव
http://www.wikidata.org/entity/Q89408401,मनोज सरकार
http://www.wikidata.org/entity/Q104839714,राजवर्धन हैंगरगेकर
http://www.wikidata.org/entity/Q105595817,कुमार कुशाग्र
http://www.wikidata.org/entity/Q106906609,प्रशांत महापात्र
